PRAGMA foreign_keys=OFF;
BEGIN TRANSACTION;
CREATE TABLE IF NOT EXISTS "users" (   id INTEGER PRIMARY KEY AUTOINCREMENT,   username VARCHAR(50) NOT NULL UNIQUE,   first_name VARCHAR(50) NOT NULL,   last_name VARCHAR(50) NOT NULL,
email VARCHAR(100) NOT NULL UNIQUE,   password VARCHAR(255) NOT NULL,   user_type VARCHAR(50),   verification_code VARCHAR(50) DEFAULT NULL,   verification_code_expiration TIMESTAMP DE
FAULT NULL,   is_verified BOOLEAN DEFAULT FALSE,   profile_picture BLOB,   last_logged_in TIMESTAMP DEFAULT NULL,   created_at TIMESTAMP DEFAULT CURRENT_TIMESTAMP,   updated_at TIMESTAMP
DEFAULT CURRENT_TIMESTAMP , "points" INTEGER NOT NULL DEFAULT 0, dpa_consent INTEGER NOT NULL DEFAULT 0, dpa_consent_at TIMESTAMP DEFAULT NULL, "address" VARCHAR(255));
INSERT INTO users VALUES(1,'alexthompson','Alex','Thompson','alex.thompson@email.com','$2y$10$92IXUNpkjO0rOQ5byMi.Ye4oKoEa3Ro9llC/.og/at2.uheWG/igi','admin',NULL,NULL,1,NULL,'2026-03-25
15:33:58','2026-02-08 08:33:48','2026-02-08 08:33:48',0,0,NULL,NULL),
  (2,'mariarodriguez','Maria','Rodriguez','maria.rodriguez@email.com','$2y$10$TKh8H1.PfQx37YgCzwiKb.KjNyWgaHb9cbcoQgdIVFlYg7B77UdFm','staff',NULL,NULL,1,NULL,'2026-03-25 15:28:31','2026-
02-08 08:33:48','2026-02-08 08:33:48',0,0,NULL,NULL),
  (5,'michaelchen','Michael','Chen','angkevin33@gmail.com','$2y$10$cDadl.fuZfvDN9mWowhpK.Cs78ExFUSv9KT/gIdB4M83i2S1IqQZC','user',NULL,NULL,0,NULL,'2026-03-19 10:35:10','2026-02-08 13:40:
56','2026-02-08 13:40:56',4,0,NULL,NULL),
  (6,'emilypark','Emily','Park','emily.park@email.com','$2y$10$R6Q.6J5UK0xIgwFw6u1veujTXvMGb03Ga3Eh20tjrvxqBUOlsfg0m','user','VRF2T8N4K6L9',NULL,0,NULL,NULL,'2026-02-08 13:40:56','2026-0
2-08 13:40:56',4,0,NULL,NULL),
  (7,'lancechua','Lance','Chua','chua@gmail.com','$2y$10$WrNK6DfmdRbHUASVjSsi8uYJngdnhZ2Zlbl4yE.YapeNI7D1ioTyy','user',NULL,NULL,1,NULL,'2026-03-26 04:45:21','2026-03-19 16:41:25','2026-
03-19 16:41:25',7,1,'2026-03-23 11:42:21','Not set'),
  (8,'testpassword','Test','Password','lance@gmail.com','$2y$10$ISX1OAIfwxLaENFuqQpNiOxviXdG0b7wFBr9lc96lmOro9G5eoAUq','user',NULL,NULL,1,NULL,NULL,'2026-03-20 04:34:14','2026-03-20 04:3
4:14',4,0,NULL,NULL),
  (9,'pointtest','Point','Test','67@gmail.com','$2y$10$AM8QxnXl8NHrJj76Kr/Rpe4ZpNjk5S2ZfIeDQbT9Z0vGaVmR./Jpe','user',NULL,NULL,1,NULL,'2026-03-20 12:37:57','2026-03-20 04:37:03','2026-03
-20 04:37:03',5,0,NULL,NULL),
  (10,'kevin123','kevin','b','angkevin38@yahoo.com','$2y$10$najbbryzrZ8cQCfgsdItquyGz0qG6/I7s8yZOCDbwecMuPjFOrZYu','staff',NULL,NULL,1,NULL,NULL,'2026-03-24 00:58:30','2026-03-24 00:58:3
0',0,0,NULL,NULL),
  (11,'newattendance','NEW','ATTENDANCE','lance.andre.chua@gmail.com','$2y$10$QgkrDo6ndtkgw.08Ve4OjOt.QKqDCRYYAXce8EK6yshTXLJDkyOnW','user',NULL,NULL,0,NULL,NULL,'2026-03-25 03:55:45','2
026-03-25 03:55:45',1,0,NULL,NULL),
  (12,'sharienmaesalarda','Sharien','Mae Salarda','yshaymae12@gmail.com','$2y$10$Wuh1GnZC3oaNA.ZuHb3vHO2MBlMRl3VhbE64R7QX9WKbWebwOXBNC','user',NULL,NULL,0,NULL,NULL,'2026-03-25 13:16:00'
,'2026-03-25 13:16:00',1,0,NULL,NULL),
  (13,'nigganiggason','Nigga','NIggason','6767@gmail.com','$2y$10$.sDFscY4m1myi1t8uLxy2e3wOFxOQDvpYJVxQjsb27Ediaalg82wy','user',NULL,NULL,0,NULL,NULL,'2026-03-25 14:57:46','2026-03-25 14
:57:46',2,0,NULL,NULL),
  (14,'pogandanglilyror','pogandang','lilyror','lilyrorpogandang@gmail.com','$2y$10$r7Lk0rCPKADQgq1oOrDru.ePIF.6h4RY0S7.afSfcJHIF4BkH3H0u','user',NULL,NULL,0,NULL,NULL,'2026-03-25 15:33:
09','2026-03-25 15:33:09',2,0,NULL,NULL),
  (15,'lebronjames','lebron','james','lebronjames@gmail.com','$2y$10$vVyPjncPI6nwgStTxayzYeZNyOs3skvdzY3QT3wn8CmKwDWGP7V3W','user',NULL,NULL,0,NULL,NULL,'2026-03-26 00:33:41','2026-03-26
 00:33:41',2,0,NULL,NULL),
  (16,'paquitomember','Paquito','Member','paquito@gmail.com','$2y$10$lfttzDu2G4Arl0uNUh13Iec1ZOJlXq3SXTv.5D5X2jdsQ7HLlsG8K','user',NULL,NULL,0,NULL,NULL,'2026-03-26 23:41:42','2026-03-26
 23:41:42',0,0,NULL,'usa city');
INSERT INTO users VALUES(17,'charlescopo','Charles','Copo','cjcjcj21@gmail.com','$2y$10$Z.tJVGoC.vMLyOPhzmkxhOF4jkNAABBAuoFjTz46QMGWspKKaQ6kO','user',NULL,NULL,0,NULL,NULL,'2026-03-26 23
:43:09','2026-03-26 23:43:09',1,0,NULL,'usa city');
CREATE TABLE inventory (   id INTEGER PRIMARY KEY AUTOINCREMENT,   item_name VARCHAR(100) NOT NULL,   category VARCHAR(50) NOT NULL,   quantity INTEGER NOT NULL DEFAULT 0,   price DECIMA
L(10, 2) NOT NULL DEFAULT 0.00,   description TEXT,   created_at TIMESTAMP DEFAULT CURRENT_TIMESTAMP,   updated_at TIMESTAMP DEFAULT CURRENT_TIMESTAMP );
INSERT INTO inventory VALUES(2,'Sting','Beverage',34,20,'','2026-03-21 14:52:42','2026-03-25 05:13:25'),
  (3,'Amino','Supplements',5,10,'','2026-03-23 02:58:18','2026-03-26 08:25:52'),
  (4,'Pre-Workout','Supplements',15,35,'','2026-03-23 03:04:22','2026-03-26 08:29:31'),
  (5,'Gatorade','Beverage',23,25,'','2026-03-23 03:06:12','2026-03-25 16:02:59'),
  (6,'Creatine','Supplements',19,20,'','2026-03-23 03:06:45','2026-03-26 08:25:52'),
  (7,'Whey','Supplements',30,75,'','2026-03-23 03:07:18','2026-03-23 03:07:18'),
  (8,'Protein Bar','Snacks',7,120,'','2026-03-23 03:07:36','2026-03-25 16:13:04');
CREATE TABLE announcements (   id INTEGER PRIMARY KEY AUTOINCREMENT,   title VARCHAR(255) NOT NULL,   description TEXT NOT NULL,   image BLOB,   created_by VARCHAR(50),   created_at TIME
STAMP DEFAULT CURRENT_TIMESTAMP,   updated_at TIMESTAMP DEFAULT CURRENT_TIMESTAMP );
INSERT INTO announcements VALUES(1,'NEW GYM SYSTEM','IMPLEMENTATION OF NEW GYM SYSTEM ON MARCH 29',unistr('񐎇\u000d\u000a\u001a\u000a'),'alexthompson','2026-03-02 01:22:40','2026-03-02 01
:22:40'),
  (2,'filter and sorting added to admin page ','functionality for sorting and filtering',NULL,'alexthompson','2026-03-24 01:18:26','2026-03-24 01:18:26'),
  (3,'3rd announcement test','testing',NULL,'alexthompson','2026-03-24 01:21:37','2026-03-24 01:21:37'),
  (4,'4th announcement test','testing',NULL,'alexthompson','2026-03-24 01:26:02','2026-03-24 01:26:02');
CREATE TABLE IF NOT EXISTS "attendance" ("id" integer NOT NULL,"user_id" integer NOT NULL,"datetime" datetime NOT NULL, PRIMARY KEY ("id"));
INSERT INTO attendance VALUES(1,7,'2026-03-19 16:49:13'),
  (2,6,'2026-03-20 04:25:10'),
  (3,7,'2026-03-20 04:25:12'),
  (4,5,'2026-03-20 04:25:15'),
  (5,8,'2026-03-20 04:34:36'),
  (6,9,'2026-03-20 04:37:12'),
  (7,8,'2026-03-21 15:24:42'),
  (8,7,'2026-03-22 12:59:37'),
  (9,9,'2026-03-22 13:06:05'),
  (10,6,'2026-03-22 13:06:12'),
  (11,8,'2026-03-22 13:06:24'),
  (12,5,'2026-03-22 14:30:18'),
  (13,7,'2026-03-23 02:49:17'),
  (14,9,'2026-03-23 03:35:20'),
  (15,6,'2026-03-23 03:42:18'),
  (16,8,'2026-03-25 00:39:41'),
  (17,7,'2026-03-25 01:07:07'),
  (18,6,'2026-03-25 01:08:21'),
  (19,5,'2026-03-25 01:34:40'),
  (20,9,'2026-03-25 02:58:10'),
  (21,11,'2026-03-25 03:55:57'),
  (22,12,'2026-03-25 06:27:22'),
  (23,13,'2026-03-25 06:57:57'),
  (24,14,'2026-03-25 16:13:14'),
  (25,15,'2026-03-25 16:33:53'),
  (26,7,'2026-03-26 08:26:10'),
  (27,17,'2026-03-26 15:43:21'),
  (28,13,'2026-03-26 16:32:06'),
  (29,15,'2026-03-27 05:59:09'),
  (30,5,'2026-03-27 06:05:53'),
  (31,14,'2026-03-27 06:08:14'),
  (32,9,'2026-03-27 06:10:18'),
  (33,7,'2026-03-27 14:13:51');
CREATE TABLE feedback(
    id INTEGER PRIMARY KEY AUTOINCREMENT,
    about VARCHAR,
    reporterID INT,
    last_name VARCHAR,
    created_at DATETIME,
    desc VARCHAR NOT NULL,
    resolved_at DATETIME,
    status VARCHAR NOT NULL,
    FOREIGN KEY (reporterID) REFERENCES users(id)
);
INSERT INTO feedback VALUES(1,'Smith Machine',NULL,'Test1','2026-03-14 03:38:12','Aliquam quo ad voluptas eos consequuntur praesentium voluptatem. Quis in minima odio et mollitia fuga nu
lla. Atque tenetur voluptatum vero dolorem tenetur.',NULL,'pending'),
  (2,'Seated Chest Press',5,'Chen','2026-03-14 03:39:22','Feedback test logged in as michaelchen',NULL,'closed'),
  (3,'Machine Row',1,'Thompson','2026-03-20 14:02:40','I am an admin testing feedback.',NULL,'closed');
CREATE TABLE exercises (
    exercise_id INTEGER PRIMARY KEY AUTOINCREMENT,
    name TEXT NOT NULL,
    target_muscle TEXT
, "movement_type" text NOT NULL);
INSERT INTO exercises VALUES(38,'Cable Bicep Curl','Biceps','Pull'),
  (39,'Cable Crossover','Chest','Push'),
  (40,'Chest Press','Chest','Push'),
  (41,'Chin-ups','Lats','Pull'),
  (42,'Close-Grip Row','Middle Back','Pull'),
  (43,'Decline Press','Lower Chest','Push'),
  (44,'Flat Chest Press','Chest','Push'),
  (45,'Hack Squat','Quads','Legs'),
  (46,'Incline Chest Press','Upper Chest','Push'),
  (47,'Incline Walking','Cardio','Cardio'),
  (48,'Jogging','Cardio','Cardio'),
  (49,'Lat Pulldown','Lats','Pull'),
  (50,'Lateral Raise','Side Delt','Push'),
  (51,'Leg Extension','Quads','Legs'),
  (52,'Leg Press','Quads','Legs'),
  (53,'Parallel Bar Dips','Triceps','Push'),
  (54,'Pec Deck Fly','Chest','Push'),
  (55,'Preacher Curl','Biceps','Pull'),
  (56,'Pullups','Lats','Pull'),
  (57,'Rear Delt Fly','Rear Delt','Pull'),
  (58,'Running','Cardio','Cardio'),
  (59,'Seated Cable Row','Middle Back','Pull'),
  (60,'Seated Leg Curl','Hamstrings','Legs'),
  (61,'Seated Machine Row','Middle Back','Pull'),
  (62,'Shoulder Press','Front Delt','Push'),
  (63,'Single-Arm Row','Lats','Pull'),
  (64,'Single-Leg Curl','Hamstrings','Legs'),
  (65,'Single-Leg Extension','Quads','Legs'),
  (66,'Smith Bench Press','Chest','Push'),
  (67,'Smith Row','Middle Back','Pull'),
  (68,'Smith Shoulder Press','Front Delt','Push'),
  (69,'Smith Squat','Legs','Legs'),
  (70,'Straight-Leg Raise','Lower Abs','Core'),
  (71,'Tricep Pushdown','Triceps','Push'),
  (72,'Vertical Knee Raise','Lower Abs','Core'),
  (73,'Walking','Cardio','Cardio'),
  (74,'Wide-Grip Row','Upper Back','Pull'),
  (75,'Standing Cable Chest Press','Chest','Push'),
  (76,'Dual-Cable Incline Chest Press','Upper Chest','Push'),
  (77,'Dual-Cable Decline Chest Press','Lower Chest','Push'),
  (78,'Single-Arm Cable Fly (High-to-Low)','Lower Chest','Push'),
  (79,'Single-Arm Cable Fly (Low-to-High)','Upper Chest','Push'),
  (80,'Cable Squeeze Press','Chest','Push'),
  (81,'Cable Reverse Fly','Rear Delt','Pull'),
  (82,'Cable High Row','Upper Back','Pull'),
  (83,'Cable Underhand Lat Pulldown','Lats','Pull'),
  (84,'Cable Lat Prayer Pulldown','Lats','Pull'),
  (85,'Cable Rear Delt Row','Rear Delt','Pull'),
  (86,'Cable Rope Pullover','Lats','Pull'),
  (87,'Cable Rope Hammer Curl','Biceps','Pull'),
  (88,'Cable Concentration Curl','Biceps','Pull'),
  (89,'Cable Cross-Body Curl','Biceps','Pull'),
  (90,'Cable Tricep Kickback','Triceps','Push'),
  (91,'Single-Arm Cable Tricep Kickback','Triceps','Push'),
  (92,'Cable Reverse-Grip Pushdown','Triceps','Push'),
  (93,'Cable Front Squat','Quads','Legs'),
  (94,'Cable Reverse Lunge','Legs','Legs'),
  (95,'Cable Lateral Lunge','Adductors','Legs'),
  (96,'Cable Romanian Deadlift','Hamstrings','Legs'),
  (97,'Standing Cable Hip Abduction','Glutes','Legs'),
  (98,'Standing Cable Hip Adduction','Adductors','Legs'),
  (99,'Cable Standing Calf Raise','Calves','Legs'),
  (100,'Standing Cable Crunch','Upper Abs','Core');
INSERT INTO exercises VALUES(101,'Cable Reverse Crunch','Lower Abs','Core'),
  (102,'Cable Pallof Hold','Obliques','Core'),
  (103,'Incline Dumbbell Fly','Upper Chest','Push'),
  (104,'Flat Dumbbell Fly','Chest','Push'),
  (105,'Decline Dumbbell Fly','Lower Chest','Push'),
  (106,'Neutral-Grip Dumbbell Bench Press','Chest','Push'),
  (107,'Single-Arm Dumbbell Bench Press','Chest','Push'),
  (108,'Dumbbell Pullover','Chest','Pull'),
  (109,'Incline Dumbbell Row','Lats','Pull'),
  (110,'Chest-Supported Dumbbell Row','Middle Back','Pull'),
  (111,'Renegade Row','Core','Pull'),
  (112,'Dumbbell Rear Delt Fly','Rear Delt','Pull'),
  (113,'Arnold Dumbbell Press','Front Delt','Push'),
  (114,'Dumbbell Z Press','Shoulders','Push'),
  (115,'Dumbbell Front Raise','Front Delt','Push'),
  (116,'Alternating Dumbbell Curl','Biceps','pull'),
  (117,'Dumbbell Concentration Curl','Biceps','Pull'),
  (118,'Dumbbell Zottman Curl','Biceps','Pull'),
  (119,'Dumbbell Reverse Curl','Brachialis','Pull'),
  (120,'Lying Dumbbell Tricep Extension','Triceps','Push'),
  (121,'Single-Arm Overhead Dumbbell Tricep Extension','Triceps','Push'),
  (122,'Dumbbell Tate Press','Triceps','Push'),
  (123,'Goblet Squat','Quads','Legs'),
  (124,'Dumbbell Romanian Deadlift','Hamstrings','Legs'),
  (125,'Dumbbell Step-Up','Quads','Legs'),
  (126,'Dumbbell Walking Lunge','Legs','Legs'),
  (127,'Dumbbell Lateral Lunge','Adductors','Legs'),
  (128,'Dumbbell Sumo Squat','Glutes','Legs'),
  (129,'Dumbbell Hip Thrust','Glutes','Legs'),
  (130,'Dumbbell Glute Bridge','Glutes','Legs'),
  (131,'Dumbbell Standing Calf Raise','Calves','Legs'),
  (132,'Dumbbell Seated Calf Raise','Calves','Legs'),
  (133,'Dumbbell Russian Twist','Obliques','Core'),
  (134,'Dumbbell Side Bend','Obliques','Core');
CREATE TABLE transactions (
    id INTEGER PRIMARY KEY AUTOINCREMENT,
    receipt_number TEXT UNIQUE NOT NULL,
    customer_type TEXT NOT NULL,
    user_id INTEGER,
    customer_name TEXT,
    amount DECIMAL(10, 2) NOT NULL,
    payment_method TEXT NOT NULL,
    staff_id INTEGER,
    transaction_date TIMESTAMP DEFAULT CURRENT_TIMESTAMP,
    status TEXT DEFAULT 'Confirmed',
    created_at TIMESTAMP DEFAULT CURRENT_TIMESTAMP
, "desc" TEXT);
INSERT INTO transactions VALUES(1,'RCP20260317-68120','member',5,'5',100,'Cash',NULL,'2026-03-17 13:08:15','Confirmed','2026-03-17 13:08:15','Paid For: Entrance + Sting | Notes: 2 Sting'
),
  (2,'RCP20260319-21101','member',7,'7',650,'Cash',NULL,'2026-03-19 16:42:33','Confirmed','2026-03-19 16:42:33','Paid For: Monthly'),
  (3,'INV-20260322-2-840','inventory',NULL,'Customer Purchase',60,'Inventory Deduction',NULL,'2026-03-22 14:14:29','completed','2026-03-22 14:14:29','Sold 3x Sting'),
  (4,'INV-20260323-2-800','inventory',NULL,'Customer Purchase',40,'Inventory Deduction',NULL,'2026-03-23 03:18:25','completed','2026-03-23 03:18:25','Sold 2x Sting'),
  (5,'INV-20260323-2-188','inventory',NULL,'Customer Purchase',20,'Inventory Deduction',NULL,'2026-03-23 03:21:54','completed','2026-03-23 03:21:54','Sold 1x Sting'),
  (6,'INV-20260323-4-648','inventory',NULL,'Customer Purchase',35,'Inventory Deduction',NULL,'2026-03-23 03:24:28','completed','2026-03-23 03:24:28','Sold 1x Pre-Workout'),
  (7,'INV-20260323-6-583','inventory',NULL,'Customer Purchase',20,'Inventory Deduction',NULL,'2026-03-23 03:24:47','completed','2026-03-23 03:24:47','Sold 1x Creatine'),
  (8,'INV-20260323-2-640','inventory',NULL,'Customer Purchase',20,'Inventory Deduction',NULL,'2026-03-23 03:25:13','completed','2026-03-23 03:25:13','Sold 1x Sting'),
  (9,'INV-20260323-2-715','inventory',NULL,'Customer Purchase',20,'Inventory Deduction',NULL,'2026-03-23 03:25:16','completed','2026-03-23 03:25:16','Sold 1x Sting'),
  (10,'SALE-20260323-5-107','inventory',NULL,'Walk-in Sale',25,'Cash',NULL,'2026-03-23 03:27:20','completed','2026-03-23 03:27:20','Daily Sale: 1x Gatorade @ ₱25 = ₱25'),
  (11,'SALE-20260323-6-479','inventory',NULL,'Walk-in Sale',120,'Cash',NULL,'2026-03-23 03:27:20','completed','2026-03-23 03:27:20','Daily Sale: 6x Creatine @ ₱20 = ₱120'),
  (12,'SALE-20260323-8-880','inventory',NULL,'Walk-in Sale',240,'Cash',NULL,'2026-03-23 03:27:20','completed','2026-03-23 03:27:20','Daily Sale: 2x Protein Bar @ ₱120 = ₱240'),
  (13,'ENTRY-20260323-5620','entry',NULL,'Daily Entry Fees',650,'Cash',NULL,'2026-03-23 03:27:20','completed','2026-03-23 03:27:20','Entry Fees: 10x Non-Member(₱60), 1x Member(₱50), 9x M
onthly'),
  (14,'INV-20260324-2-427','inventory',NULL,'Customer Purchase',60,'Inventory Deduction',NULL,'2026-03-24 06:09:55','completed','2026-03-24 06:09:55','Sold 3x Sting'),
  (15,'RCP20260324-15530','member',5,'Michael Chen',650,'GCash',2,'2026-03-24 12:10:11','Confirmed','2026-03-24 12:10:11','Paid For: Monthly'),
  (16,'INV-20260325-2-929','inventory',NULL,'Customer Purchase',20,'Inventory Deduction',2,'2026-03-25 01:20:10','completed','2026-03-25 01:20:10','Sold 1x Sting'),
  (17,'INV-20260325-2-565','inventory',NULL,'Customer Purchase',20,'Inventory Deduction',2,'2026-03-25 01:24:01','completed','2026-03-25 01:24:01','Sold 1x Sting'),
  (18,'INV-20260325-2-953','inventory',NULL,'Customer Purchase',20,'Inventory Deduction',2,'2026-03-25 01:26:50','completed','2026-03-25 01:26:50','Sold 1x Sting');
INSERT INTO transactions VALUES(19,'INV-20260325-5-657','inventory',NULL,'Customer Purchase',25,'Inventory Deduction',2,'2026-03-25 01:28:39','completed','2026-03-25 01:28:39','Sold 1x G
atorade'),
  (20,'INV-20260325-2-829','inventory',NULL,'Customer Purchase',20,'Inventory Deduction',2,'2026-03-25 01:31:49','completed','2026-03-25 01:31:49','Sold 1x Sting'),
  (21,'INV-20260325-2-123','inventory',NULL,'Customer Purchase',20,'Inventory Deduction',2,'2026-03-25 04:10:33','completed','2026-03-25 04:10:33','Sold 1x Sting'),
  (22,'INV-20260325-2-211','inventory',NULL,'Customer Purchase',20,'Inventory Deduction',2,'2026-03-25 04:22:24','completed','2026-03-25 04:22:24','Sold 1x Sting'),
  (23,'INV-20260325-2-272','inventory',NULL,'Customer Purchase',20,'Inventory Deduction',2,'2026-03-25 04:27:18','completed','2026-03-25 04:27:18','Sold 1x Sting'),
  (24,'RCP20260325-74679','member',7,'Lance Chua',20,'Cash',2,'2026-03-25 05:13:25','Confirmed','2026-03-25 05:13:25','Paid For: Inventory - Sting'),
  (25,'INV-20260325-2-370','inventory',NULL,'Customer Purchase',20,'Inventory Deduction',2,'2026-03-25 05:13:25','completed','2026-03-25 05:13:25','Sold 1x Sting'),
  (26,'INV-20260325-3-482','inventory',NULL,'Customer Purchase',10,'Inventory Deduction',2,'2026-03-25 05:14:13','completed','2026-03-25 05:14:13','Sold 1x Amino'),
  (27,'RCP20260325-93441','member',5,'Michael Chen',20,'Cash',2,'2026-03-25 06:17:23','Confirmed','2026-03-25 06:17:23','Paid For: Inventory - Creatine'),
  (28,'INV-20260325-6-100','inventory',NULL,'Customer Purchase',20,'Inventory Deduction',2,'2026-03-25 06:17:23','completed','2026-03-25 06:17:23','Sold 1x Creatine'),
  (29,'RCP20260325-35425','member',11,'NEW ATTENDANCE',35,'Cash',2,'2026-03-25 06:18:16','Confirmed','2026-03-25 06:18:16','Paid For: Inventory - Pre-Workout'),
  (30,'INV-20260325-4-408','inventory',NULL,'Customer Purchase',35,'Inventory Deduction',2,'2026-03-25 06:18:16','completed','2026-03-25 06:18:16','Sold 1x Pre-Workout'),
  (31,'RCP20260325-64361','member',7,'Lance Chua',500,'Cash',2,'2026-03-25 06:39:40','Confirmed','2026-03-25 06:39:40','Paid For: Membership'),
  (32,'RCP20260325-50637','member',6,'Emily Park',40,'Cash',2,'2026-03-25 06:40:11','Confirmed','2026-03-25 06:40:11','Paid For: Special Rate'),
  (33,'RCP20260325-14616','member',5,'Michael Chen',500,'Cash',2,'2026-03-25 06:40:31','Confirmed','2026-03-25 06:40:31','Paid For: Membership'),
  (34,'RCP20260325-91504','member',6,'Emily Park',500,'Cash',2,'2026-03-25 06:53:37','Confirmed','2026-03-25 06:53:37','Paid For: Membership'),
  (35,'RCP20260325-16646','member',5,'Michael Chen',500,'Cash',2,'2026-03-25 06:54:38','Confirmed','2026-03-25 06:54:38','Paid For: Membership'),
  (36,'RCP20260325-36929','member',9,'Point Test',50,'Cash',2,'2026-03-25 06:55:04','Confirmed','2026-03-25 06:55:04','Paid For: Day Pass / Walk-In'),
  (37,'RCP20260325-62039','member',13,'Nigga NIggason',500,'Cash',2,'2026-03-25 06:58:24','Confirmed','2026-03-25 06:58:24','Paid For: Membership');
INSERT INTO transactions VALUES(38,'RCP20260325-65823','member',14,'pogandang lilyror',50,'Cash',2,'2026-03-25 07:33:25','Confirmed','2026-03-25 07:33:25','Paid For: Day Pass / Walk-In')
,
  (39,'RCP20260325-62321','member',6,'Emily Park',30,'Cash',2,'2026-03-25 15:49:47','Confirmed','2026-03-25 15:49:47','Paid For: Inventory - Amino'),
  (40,'INV-20260325-3-434','inventory',NULL,'Customer Purchase',30,'Inventory Deduction',2,'2026-03-25 15:49:47','completed','2026-03-25 15:49:47','Sold 3x Amino'),
  (41,'RCP20260325-75969','member',7,'Lance Chua',125,'Cash',2,'2026-03-25 16:02:59','Confirmed','2026-03-25 16:02:59','Paid For: Inventory - Gatorade'),
  (42,'INV-20260325-5-384','inventory',NULL,'Customer Purchase',125,'Inventory Deduction',2,'2026-03-25 16:02:59','completed','2026-03-25 16:02:59','Sold 5x Gatorade'),
  (43,'RCP20260325-12260','member',7,'Lance Chua',200,'Cash',2,'2026-03-25 16:08:26','Confirmed','2026-03-25 16:08:26','Paid For: Inventory - Creatine'),
  (44,'INV-20260325-6-709','inventory',NULL,'Customer Purchase',200,'Inventory Deduction',2,'2026-03-25 16:08:26','completed','2026-03-25 16:08:26','Sold 10x Creatine'),
  (45,'RCP20260325-11697','member',13,'Nigga NIggason',120,'Cash',2,'2026-03-25 16:13:04','Confirmed','2026-03-25 16:13:04','Paid For: Inventory - Protein Bar'),
  (46,'INV-20260325-8-870','inventory',NULL,'Customer Purchase',120,'Inventory Deduction',2,'2026-03-25 16:13:04','completed','2026-03-25 16:13:04','Sold 1x Protein Bar'),
  (47,'RCP20260326-63387','member',5,'Michael Chen',120,'Cash',2,'2026-03-26 08:25:52','Confirmed','2026-03-26 08:25:52','Paid For: Day Pass / Walk-In, Creatine, Amino | Notes: Day Pass
/ Walk-In x1 | Creatine x3 | Amino x1'),
  (48,'INV-20260326-6-146','inventory',NULL,'Customer Purchase',60,'Inventory Deduction',2,'2026-03-26 08:25:52','completed','2026-03-26 08:25:52','Sold 3x Creatine'),
  (49,'INV-20260326-3-749','inventory',NULL,'Customer Purchase',10,'Inventory Deduction',2,'2026-03-26 08:25:52','completed','2026-03-26 08:25:52','Sold 1x Amino'),
  (50,'RCP20260326-10000','member',7,'Lance Chua',755,'Cash',2,'2026-03-26 08:29:31','Confirmed','2026-03-26 08:29:31','Paid For: Pre-Workout, Monthly | Notes: Pre-Workout x3 | Monthly x
1'),
  (51,'INV-20260326-4-457','inventory',NULL,'Customer Purchase',105,'Inventory Deduction',2,'2026-03-26 08:29:31','completed','2026-03-26 08:29:31','Sold 3x Pre-Workout'),
  (52,'RCP20260326-58239','member',7,'Lance Chua',650,'Cash',2,'2026-03-26 09:45:31','Confirmed','2026-03-26 09:45:31','Paid For: Monthly | Notes: Monthly x1'),
  (53,'RCP20260326-59819','non-member',NULL,'charles',750,'Cash',2,'2026-03-26 09:46:22','Confirmed','2026-03-26 09:46:22','Paid For: Monthly | Notes: Monthly x1'),
  (54,'RCP20260326-31533','member',7,'Lance Chua',650,'Cash',2,'2026-03-26 09:47:05','Confirmed','2026-03-26 09:47:05','Paid For: Monthly | Notes: Monthly x1'),
  (55,'RCP20260326-14763','non-member',NULL,'Razel',750,'Cash',2,'2026-03-26 09:49:29','Confirmed','2026-03-26 09:49:29','Paid For: Monthly | Notes: Monthly x1');
INSERT INTO transactions VALUES(56,'RCP20260326-04178','member',7,'Lance Chua',650,'Cash',2,'2026-03-26 09:59:41','Confirmed','2026-03-26 09:59:41','Paid For: Monthly | Notes: Monthly x1
'),
  (57,'RCP20260326-69508','non-member',NULL,'Razel',750,'Cash',2,'2026-03-26 10:00:15','Confirmed','2026-03-26 10:00:15','Paid For: Monthly | Notes: Monthly x1'),
  (58,'RCP20260326-46132','member',7,'Lance Chua',650,'Cash',2,'2026-03-26 15:16:21','Confirmed','2026-03-26 15:16:21','Paid For: Monthly | Notes: Monthly x1'),
  (59,'RCP20260326-87314','member',7,'Lance Chua',650,'Cash',2,'2026-03-26 15:16:57','Confirmed','2026-03-26 15:16:57','Paid For: Monthly | Notes: Monthly x1'),
  (60,'RCP20260326-99426','member',7,'Lance Chua',650,'Cash',2,'2026-03-26 15:19:14','Confirmed','2026-03-26 15:19:14','Paid For: Monthly | Notes: Monthly x1'),
  (61,'RCP20260326-45699','member',12,'Sharien Mae Salarda',650,'Cash',2,'2026-03-26 15:19:39','Confirmed','2026-03-26 15:19:39','Paid For: Monthly | Notes: Monthly x1'),
  (62,'RCP20260326-68078','member',7,'Lance Chua',650,'Cash',2,'2026-03-26 15:31:01','Confirmed','2026-03-26 15:31:01','Paid For: Monthly | Notes: Monthly x1'),
  (63,'RCP20260326-81460','member',17,'Charles Copo',650,'Cash',2,'2026-03-26 15:43:36','Confirmed','2026-03-26 15:43:36','Paid For: Monthly | Notes: Monthly x1'),
  (64,'RCP20260326-16418','member',16,'Paquito Member',650,'Cash',2,'2026-03-26 16:32:20','Confirmed','2026-03-26 16:32:20','Paid For: Monthly | Notes: Monthly x1'),
  (65,'RCP20260327-27639','member',17,'Charles Copo',650,'Cash',2,'2026-03-27 23:33:05','Confirmed','2026-03-27 15:33:05','Paid For: Monthly | Notes: Monthly x1'),
  (66,'RCP20260327-40600','non-member',NULL,'Raze',750,'Cash',2,'2026-03-27 23:54:00','Confirmed','2026-03-27 15:54:00','Paid For: Monthly | Notes: Monthly x1'),
  (67,'RCP20260327-86442','non-member',NULL,'Raze',750,'Cash',2,'2026-03-27 23:54:30','Confirmed','2026-03-27 15:54:30','Paid For: Monthly | Notes: Monthly x1');
CREATE TABLE member_profiles (
  id INTEGER PRIMARY KEY AUTOINCREMENT,
  user_id INTEGER NOT NULL UNIQUE,
  age INTEGER,
  height_cm REAL,
  weight_kg REAL,
  fitness_level TEXT,
  goal TEXT,
  created_at TIMESTAMP DEFAULT CURRENT_TIMESTAMP,
  updated_at TIMESTAMP DEFAULT CURRENT_TIMESTAMP, "contact" text, "gender" text, "remarks" TEXT, "e_contact" text, "e_name" text,
  FOREIGN KEY (user_id) REFERENCES users(id) ON DELETE CASCADE
);
INSERT INTO member_profiles VALUES(1,5,22,170.0,70.0,'Beginner','Muscle Gain','2026-03-19 02:36:34','2026-03-19 02:36:34',NULL,NULL,NULL,NULL,NULL),
  (2,7,22,179.0,88.0,'Intermediate','Weight Loss','2026-03-19 16:41:25','2026-03-27 15:11:15','09338698009','Male',NULL,'09338698009','Jo Anne Chua'),
  (3,8,22,169.0,67.0,'Intermediate','Endurance','2026-03-20 04:34:14','2026-03-20 04:34:14',NULL,NULL,NULL,NULL,NULL),
  (4,9,67,167.0,67.0,'Advanced','Weight Loss','2026-03-20 04:37:03','2026-03-20 04:37:03',NULL,NULL,NULL,NULL,NULL),
  (5,11,22,178.0,88.0,'Advanced','Muscle Gain','2026-03-25 03:55:45','2026-03-25 03:55:45',NULL,NULL,NULL,NULL,NULL),
  (6,12,20,166.0,50.0,'Beginner','Weight Loss','2026-03-25 13:16:00','2026-03-25 13:16:00',NULL,NULL,NULL,NULL,NULL),
  (7,13,67,167.0,67.0,'Advanced','General Fitness','2026-03-25 14:57:46','2026-03-25 14:57:46',NULL,NULL,NULL,NULL,NULL),
  (8,14,35,120.0,56.0,'Beginner','Weight Loss','2026-03-25 15:33:09','2026-03-25 15:33:09',NULL,NULL,NULL,NULL,NULL),
  (9,15,35,166.0,54.0,'Beginner','Weight Loss','2026-03-26 00:33:41','2026-03-26 00:33:41',NULL,NULL,NULL,NULL,NULL),
  (10,16,45,166.0,54.0,'Beginner','Muscle Gain','2026-03-26 23:41:42','2026-03-26 23:41:42','usa city',NULL,NULL,NULL,NULL),
  (11,17,45,166.0,54.0,'Beginner','Weight Loss','2026-03-26 23:43:09','2026-03-26 23:43:09','usa city',NULL,NULL,NULL,NULL);
CREATE TABLE inventory_notifications (
  id          INTEGER PRIMARY KEY AUTOINCREMENT,
  user_id     INTEGER NOT NULL,
  item_id     INTEGER NOT NULL,
  item_name   VARCHAR(100) NOT NULL,
  qty_sold    INTEGER NOT NULL,
  notif_at    TIMESTAMP DEFAULT CURRENT_TIMESTAMP
);
INSERT INTO inventory_notifications VALUES(1,0,2,'Sting',2,'2026-03-21 15:29:32'),
  (2,0,2,'Sting',1,'2026-03-21 15:49:33'),
  (3,0,2,'Sting',3,'2026-03-21 16:17:46'),
  (4,0,2,'Sting',2,'2026-03-21 16:20:14'),
  (5,0,1,'whey',1,'2026-03-22 13:03:36');
CREATE TABLE notification_history (   notif_id INTEGER PRIMARY KEY AUTOINCREMENT,   name VARCHAR(255) NOT NULL,   description TEXT,   datetime TIMESTAMP DEFAULT CURRENT_TIMESTAMP,   rema
rks TEXT,   is_read BOOLEAN DEFAULT 0,   category VARCHAR(100) );
INSERT INTO notification_history VALUES(1,'ITEM ADDED','Item Name: Amino, Category: Supplements, Quantity: 10, Price: 10, Description: ','2026-03-23 02:58:18','BY ADMIN',1,'Inventory'),
  (2,'ITEM UPDATED','Item Name: whey, Category: Supplements, Quantity: 15, Price: 75, Description: protein ','2026-03-23 02:58:33','BY ADMIN',0,'Inventory'),
  (3,'ITEM UPDATED','Item Name: Sting, Category: Beverage, Quantity: 50, Price: 20, Description: ','2026-03-23 02:58:39','BY ADMIN',0,'Inventory'),
  (4,'ITEM ADDED','Item Name: Pre-Workout, Category: Supplements, Quantity: 20, Price: 35, Description: ','2026-03-23 03:04:22','BY ADMIN',0,'Inventory'),
  (5,'ITEM ADDED','Item Name: Gatorade, Category: Beverage, Quantity: 30, Price: 25, Description: ','2026-03-23 03:06:12','BY ADMIN',0,'Inventory'),
  (6,'ITEM ADDED','Item Name: Creatine, Category: Supplements, Quantity: 40, Price: 20, Description: ','2026-03-23 03:06:45','BY ADMIN',1,'Inventory'),
  (7,'INVENTORY ITEM DELETED','Item ''whey'' (15 units) from category ''Supplements'' has been removed','2026-03-23 03:07:04','Deleted by alexthompson',1,'Inventory'),
  (8,'ITEM ADDED','Item Name: Whey, Category: Supplements, Quantity: 30, Price: 75, Description: ','2026-03-23 03:07:18','BY ADMIN',0,'Inventory'),
  (9,'ITEM ADDED','Item Name: Protein Bar, Category: Snacks, Quantity: 10, Price: 120, Description: ','2026-03-23 03:07:36','BY ADMIN',0,'Inventory'),
  (10,'STAFF CREATED','kevin123, kevin, b, angkevin38@yahoo.com','2026-03-24 00:58:31','BY ADMIN',0,'Accounts'),
  (11,'ANNOUNCEMENT CREATED','functionality for sorting and filtering','2026-03-24 01:18:27','alexthompson',0,'Announcements'),
  (12,'ANNOUNCEMENT CREATED','testing','2026-03-24 01:21:37','alexthompson',0,'Announcements'),
  (13,'ANNOUNCEMENT CREATED','testing','2026-03-24 01:26:02','alexthompson',0,'Announcements'),
  (14,'New Member','username: newattendance','2026-03-25 11:55:45','Created via API',0,'membership'),
  (15,'New Member','username: sharienmaesalarda','2026-03-25 13:16:00','Created via API',0,'membership'),
  (16,'New Member','username: nigganiggason','2026-03-25 14:57:46','Created via API',0,'membership'),
  (17,'New Member','username: pogandanglilyror','2026-03-25 15:33:09','Created via API',0,'membership'),
  (18,'New Member','username: lebronjames','2026-03-26 00:33:41','Created via API',0,'membership'),
  (19,'MEMBERSHIP PRICE DELETED','A membership pricing option has been removed from the system','2026-03-26 09:09:37','Deleted by alexthompson',0,'Pricing'),
  (20,'New Member','username: paquitomember','2026-03-26 23:41:42','Created via API',0,'membership'),
  (21,'New Member','username: charlescopo','2026-03-26 23:43:09','Created via API',0,'membership');
CREATE TABLE membership_price (     m_price_id INTEGER PRIMARY KEY AUTOINCREMENT,     price REAL NOT NULL,       promo_type TEXT,     created_at DATETIME DEFAULT CURRENT_TIMESTAMP,     u
pdated_at DATETIME DEFAULT CURRENT_TIMESTAMP );
INSERT INTO membership_price VALUES(1,500.0,'annual','2026-03-24 06:03:51','2026-03-24 06:03:51'),
  (3,650.0,'MONTHLY(Member)','2026-03-26 09:07:37','2026-03-26 09:07:37'),
  (4,60.0,'WALK-IN (Non-Member)','2026-03-26 09:09:03','2026-03-26 09:09:03'),
  (5,50.0,'WALK-IN (MEMBER)','2026-03-26 09:09:23','2026-03-26 09:09:23'),
  (6,750.0,'MONTHLY(Non-Member)','2026-03-26 09:09:56','2026-03-26 09:09:56');
CREATE TABLE old_member_profiles (
  history_id INTEGER PRIMARY KEY AUTOINCREMENT,
  profile_id INTEGER,
  user_id INTEGER NOT NULL,
  age INTEGER,
  height_cm REAL,
  weight_kg REAL,
  fitness_level TEXT,
  goal TEXT,
  contact TEXT,
  gender TEXT,
  created_at TIMESTAMP,
  updated_at TIMESTAMP,
  archived_at TIMESTAMP NOT NULL DEFAULT CURRENT_TIMESTAMP,
  changed_by_user_id INTEGER,
  change_source TEXT NOT NULL DEFAULT 'profile_update',
  change_note TEXT, "remarks" TEXT,
  FOREIGN KEY (user_id) REFERENCES users(id) ON DELETE CASCADE,
  FOREIGN KEY (changed_by_user_id) REFERENCES users(id) ON DELETE SET NULL
);
INSERT INTO old_member_profiles VALUES(1,2,7,22,179.0,88.0,'Intermediate','Weight Loss','09338698009','Male','2026-03-19 16:41:25','2026-03-22 14:34:39','2026-03-27 15:09:24',NULL,'befor
e_update',NULL,NULL),
  (2,2,7,22,179.0,88.0,'Intermediate','Weight Loss','09338698009','Male','2026-03-19 16:41:25','2026-03-27 15:09:24','2026-03-27 15:11:15',NULL,'before_update',NULL,NULL);
CREATE TABLE IF NOT EXISTS "monthly" ("id" integer,"name" text,"expires_in" datetime, "member" INTEGER, image BLOB, PRIMARY KEY ("id"));
INSERT INTO monthly VALUES(1,'Lance Chua','2026-07-24',7,NULL),
  (2,'Razel','2026-04-25',NULL,NULL),
  (3,'Sharien Mae Salarda','2026-05-25',12,NULL),
  (4,'Charles Copo','2026-07-24',17,NULL),
  (5,'Paquito Member','2026-05-26',16,NULL),
  (101,'Juan Dela Cruz','2026-03-28',NULL,NULL),
  (102,'Raze','2026-05-26',NULL,NULL);
CREATE TABLE expense_history (     expense_id INTEGER PRIMARY KEY AUTOINCREMENT,     expense_name TEXT NOT NULL,     expense REAL NOT NULL,     description TEXT,     author TEXT,     cre
ated_at DATETIME DEFAULT CURRENT_TIMESTAMP,     updated_at DATETIME DEFAULT CURRENT_TIMESTAMP );
CREATE TABLE api_table (     api_id INTEGER PRIMARY KEY AUTOINCREMENT,     api_name TEXT NOT NULL,     api_url TEXT NOT NULL,     api_key TEXT NOT NULL UNIQUE,     status TEXT DEFAULT 'a
ctive',     created_at DATETIME DEFAULT CURRENT_TIMESTAMP,     updated_at DATETIME DEFAULT CURRENT_TIMESTAMP );
INSERT INTO api_table VALUES(2,'GROQ_API','https://api.groq.com/openai/v1/chat/completions','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','active','2026-03-26 09:21:31','202
6-03-26 09:21:31');
CREATE TABLE workout_logs (     log_id INTEGER PRIMARY KEY AUTOINCREMENT,     user_id INTEGER NOT NULL,     exercise_id INTEGER NOT NULL,     weight INTEGER NOT NULL,     sets INTEGER NO
T NULL,     reps INTEGER NOT NULL,     logged_at INTEGER NOT NULL );
CREATE TABLE backup_history (     backup_id INTEGER PRIMARY KEY AUTOINCREMENT,     backup_filename VARCHAR(255),     backup_size INTEGER,     backup_date DATETIME DEFAULT CURRENT_TIMESTA
MP,     backup_type VARCHAR(20),     status VARCHAR(20),     sent_to_email VARCHAR(255),     created_by VARCHAR(100),     notes TEXT );
CREATE TABLE IF NOT EXISTS "walk_attendance" ("id" integer,"name" varchar(255),"month_id" integer, "datetime" datetime, PRIMARY KEY ("id"));
INSERT INTO walk_attendance VALUES(1,'raze',NULL,'2026-03-27 21:04:48'),
  (2,'Raze',102,'2026-03-27 23:54:00');
CREATE TABLE meals (     meal_id INTEGER PRIMARY KEY AUTOINCREMENT,     food_name TEXT NOT NULL,     serving_grams REAL NOT NULL,     calories REAL NOT NULL );
INSERT INTO meals VALUES(1,'Grilled Chicken Breast',100.0,165.0),
  (2,'Steamed White Rice',100.0,130.0),
  (3,'Boiled Egg',50.0,78.0),
  (4,'Fried Egg',50.0,90.0),
  (5,'Banana',100.0,89.0),
  (6,'Apple',100.0,52.0),
  (7,'Oatmeal',100.0,68.0),
  (8,'Tuna in Water',100.0,116.0),
  (9,'Salmon Fillet',100.0,208.0),
  (10,'Lean Ground Beef',100.0,250.0),
  (11,'Chicken Adobo',150.0,250.0),
  (12,'Pork Sinigang',150.0,220.0),
  (13,'Beef Tapa',100.0,300.0),
  (14,'Garlic Fried Rice',100.0,180.0),
  (15,'Spaghetti',150.0,220.0),
  (16,'Bread',60.0,160.0),
  (17,'Peanut Butter',32.0,188.0),
  (18,'Milk',244.0,150.0),
  (19,'Protein Shake',300.0,200.0),
  (20,'Mixed Vegetables',100.0,65.0),
  (21,'Grilled Pork Chop',100.0,242.0),
  (22,'Fried Chicken',100.0,260.0),
  (23,'Brown Rice',100.0,123.0),
  (24,'Scrambled Eggs',100.0,148.0),
  (25,'Hotdog',50.0,150.0),
  (26,'Burger Patty',100.0,295.0),
  (27,'French Fries',100.0,312.0),
  (28,'Pizza Slice',120.0,285.0),
  (29,'Cheddar Cheese',30.0,120.0),
  (30,'Plain Yogurt',150.0,95.0),
  (31,'Ice Cream',100.0,207.0),
  (32,'Milk Chocolate',50.0,270.0),
  (33,'Orange',100.0,47.0),
  (34,'Mango',100.0,60.0),
  (35,'Pineapple',100.0,50.0),
  (36,'Watermelon',100.0,30.0),
  (37,'Avocado',100.0,160.0),
  (38,'Tofu',100.0,76.0),
  (39,'Fried Tofu',100.0,271.0),
  (40,'Lentils',100.0,116.0),
  (41,'Chickpeas',100.0,164.0),
  (42,'Cooked Pasta',100.0,131.0),
  (43,'Macaroni Salad',150.0,250.0),
  (44,'Caesar Salad',150.0,180.0),
  (45,'Coleslaw',150.0,150.0),
  (46,'Steamed Broccoli',100.0,35.0),
  (47,'Carrots',100.0,41.0),
  (48,'Sweet Potato',100.0,86.0),
  (49,'Corn',100.0,96.0),
  (50,'Eggplant',100.0,25.0),
  (51,'Fried Rice',150.0,250.0),
  (52,'Chicken Curry',150.0,300.0),
  (53,'Beef Steak',150.0,350.0),
  (54,'Fish Fillet',120.0,200.0),
  (55,'Shrimp',100.0,99.0),
  (56,'Crab Meat',100.0,97.0),
  (57,'Lobster Meat',100.0,89.0),
  (58,'Ham',100.0,145.0),
  (59,'Turkey Breast',100.0,135.0),
  (60,'Bacon',50.0,270.0),
  (61,'Pancakes',120.0,227.0),
  (62,'Waffles',120.0,291.0),
  (63,'Honey',20.0,61.0),
  (64,'Strawberry Jam',20.0,50.0),
  (65,'Butter',14.0,100.0),
  (66,'Margarine',14.0,102.0),
  (67,'Breakfast Cereal',100.0,379.0),
  (68,'Granola',100.0,471.0),
  (69,'Energy Bar',60.0,250.0),
  (70,'Protein Bar',60.0,220.0),
  (71,'Fruit Smoothie',300.0,180.0),
  (72,'Fruit Salad',150.0,120.0),
  (73,'Vegetable Soup',200.0,90.0),
  (74,'Chicken Soup',200.0,120.0),
  (75,'Beef Soup',200.0,150.0),
  (76,'Miso Soup',200.0,40.0),
  (77,'Ramen',350.0,436.0),
  (78,'Noodles',200.0,300.0),
  (79,'Pad Thai',300.0,350.0),
  (80,'Sushi Roll',200.0,300.0),
  (81,'Tempura',150.0,350.0),
  (82,'Dumplings',150.0,250.0),
  (83,'Spring Rolls',100.0,200.0),
  (84,'Fried Fish',120.0,250.0),
  (85,'Grilled Fish',120.0,180.0),
  (86,'Tilapia',120.0,128.0),
  (87,'Bangus',120.0,180.0),
  (88,'Sardines',100.0,208.0),
  (89,'Corned Beef',100.0,250.0);
INSERT INTO meals VALUES(90,'Spam',100.0,315.0),
  (91,'Pork Sisig',150.0,350.0),
  (92,'Lechon Kawali',150.0,400.0),
  (93,'Kare Kare',200.0,400.0),
  (94,'Bicol Express',200.0,450.0),
  (95,'Laing',150.0,200.0),
  (96,'Pinakbet',150.0,120.0),
  (97,'Ginisang Monggo',150.0,180.0),
  (98,'Champorado',200.0,250.0),
  (99,'Arroz Caldo',200.0,180.0),
  (100,'Puto',100.0,150.0),
  (101,'Bibingka',120.0,220.0),
  (102,'Palitaw',100.0,180.0),
  (103,'Kutsinta',100.0,160.0),
  (104,'Suman',100.0,190.0),
  (105,'Cassava Cake',120.0,250.0),
  (106,'Leche Flan',100.0,270.0),
  (107,'Halo Halo',250.0,280.0),
  (108,'Turon',100.0,240.0),
  (109,'Banana Cue',100.0,250.0),
  (110,'Camote Cue',100.0,230.0),
  (111,'Pandesal',50.0,135.0),
  (112,'Ensaymada',70.0,220.0),
  (113,'Spanish Bread',70.0,210.0),
  (114,'Chicken Sandwich',150.0,320.0),
  (115,'Ham Sandwich',150.0,290.0),
  (116,'Tuna Sandwich',150.0,300.0),
  (117,'Egg Sandwich',150.0,280.0),
  (118,'Club Sandwich',200.0,420.0),
  (119,'BLT Sandwich',180.0,390.0),
  (120,'Cheeseburger',180.0,450.0),
  (121,'Hamburger',160.0,380.0),
  (122,'Chicken Burger',170.0,410.0),
  (123,'Fish Burger',170.0,390.0),
  (124,'Chicken Nuggets',100.0,296.0),
  (125,'Onion Rings',100.0,411.0),
  (126,'Mashed Potato',150.0,130.0),
  (127,'Potato Wedges',100.0,270.0),
  (128,'Hash Browns',100.0,326.0),
  (129,'Baked Potato',150.0,140.0),
  (130,'Roasted Chicken',150.0,280.0),
  (131,'Roasted Pork',150.0,330.0),
  (132,'Roasted Beef',150.0,340.0),
  (133,'Pork Barbecue',100.0,250.0),
  (134,'Chicken Barbecue',100.0,210.0),
  (135,'Beef Barbecue',100.0,280.0),
  (136,'Chicken Inasal',150.0,280.0),
  (137,'Pork Liempo',150.0,420.0),
  (138,'Longganisa',100.0,320.0),
  (139,'Tocino',100.0,290.0),
  (140,'Daing na Bangus',120.0,220.0),
  (141,'Tinola',200.0,170.0),
  (142,'Nilagang Baka',200.0,220.0),
  (143,'Bulalo',250.0,320.0),
  (144,'Menudo',200.0,260.0),
  (145,'Afritada',200.0,280.0),
  (146,'Mechado',200.0,300.0),
  (147,'Caldereta',200.0,330.0),
  (148,'Pochero',200.0,290.0),
  (149,'Dinuguan',200.0,310.0),
  (150,'Pancit Canton',200.0,320.0),
  (151,'Pancit Bihon',200.0,250.0),
  (152,'Pancit Malabon',200.0,330.0),
  (153,'Lomi',250.0,340.0),
  (154,'Batchoy',250.0,300.0),
  (155,'Sotanghon Soup',200.0,180.0),
  (156,'Lugaw',200.0,120.0),
  (157,'Goto',200.0,180.0),
  (158,'Tokwa at Baboy',150.0,280.0),
  (159,'Chicken Liver',100.0,167.0),
  (160,'Beef Liver',100.0,175.0),
  (161,'Pork Liver',100.0,165.0),
  (162,'Adobong Kangkong',100.0,80.0),
  (163,'Ginataang Kalabasa',150.0,160.0),
  (164,'Ginataang Sitaw',150.0,170.0),
  (165,'Chopsuey',150.0,140.0),
  (166,'Ampalaya with Egg',150.0,120.0),
  (167,'Ginisang Repolyo',150.0,90.0),
  (168,'Ginisang Pechay',150.0,85.0),
  (169,'Ginisang Sayote',150.0,95.0),
  (170,'Boiled Camote',100.0,90.0),
  (171,'Boiled Cassava',100.0,160.0),
  (172,'Boiled Corn',100.0,96.0),
  (173,'Pork Dumpling',30.0,70.0);
INSERT INTO meals VALUES(174,'Chicken Dumpling',30.0,60.0),
  (175,'Siomai',40.0,80.0),
  (176,'Siopao Asado',150.0,320.0),
  (177,'Siopao Bola Bola',150.0,340.0),
  (178,'Chicken Siopao',150.0,300.0),
  (179,'Empanada',100.0,280.0),
  (180,'Chicken Empanada',100.0,290.0),
  (181,'Beef Empanada',100.0,310.0),
  (182,'Shrimp Tempura',100.0,250.0),
  (183,'Calamari',100.0,175.0),
  (184,'Fish Balls',100.0,210.0),
  (185,'Kikiam',100.0,220.0),
  (186,'Squid Balls',100.0,230.0),
  (187,'Chicken Skin',100.0,450.0),
  (188,'Fried Isaw',100.0,310.0),
  (189,'Grilled Isaw',100.0,260.0),
  (190,'Betamax',100.0,180.0),
  (191,'Adidas',100.0,210.0),
  (192,'Balut',70.0,188.0),
  (193,'Salted Egg',50.0,80.0),
  (194,'Century Egg',50.0,90.0),
  (195,'Omelet',100.0,154.0),
  (196,'Cheese Omelet',120.0,220.0),
  (197,'Mushroom Omelet',120.0,180.0),
  (198,'Tomato Omelet',120.0,170.0),
  (199,'Egg Fried Rice',150.0,240.0),
  (200,'Chicken Fried Rice',150.0,260.0),
  (201,'Beef Fried Rice',150.0,280.0),
  (202,'Pork Fried Rice',150.0,290.0),
  (203,'Vegetable Fried Rice',150.0,210.0),
  (204,'Kimchi Fried Rice',150.0,230.0),
  (205,'Chicken Alfredo Pasta',200.0,350.0),
  (206,'Carbonara',200.0,380.0),
  (207,'Lasagna',200.0,360.0),
  (208,'Mac and Cheese',200.0,330.0),
  (209,'Baked Macaroni',200.0,340.0),
  (210,'Pesto Pasta',200.0,320.0),
  (211,'Tomato Pasta',200.0,260.0),
  (212,'Chicken Pesto Pasta',200.0,350.0),
  (213,'Seafood Pasta',200.0,300.0),
  (214,'Beef Lasagna',200.0,390.0),
  (215,'Chicken Caesar Wrap',180.0,320.0),
  (216,'Tuna Wrap',180.0,300.0),
  (217,'Beef Wrap',180.0,360.0),
  (218,'Ham and Cheese Wrap',180.0,340.0),
  (219,'Veggie Wrap',180.0,240.0),
  (220,'Chicken Burrito',200.0,420.0),
  (221,'Beef Burrito',200.0,470.0),
  (222,'Bean Burrito',200.0,350.0),
  (223,'Chicken Quesadilla',180.0,430.0),
  (224,'Cheese Quesadilla',180.0,400.0),
  (225,'Beef Quesadilla',180.0,460.0),
  (226,'Nachos',150.0,380.0),
  (227,'Taco',100.0,210.0),
  (228,'Chicken Taco',100.0,190.0),
  (229,'Beef Taco',100.0,220.0),
  (230,'Burrito Bowl',250.0,450.0),
  (231,'Chicken Salad',150.0,220.0),
  (232,'Tuna Salad',150.0,210.0),
  (233,'Egg Salad',150.0,250.0),
  (234,'Greek Salad',150.0,180.0),
  (235,'Garden Salad',150.0,110.0),
  (236,'Cobb Salad',180.0,300.0),
  (237,'Potato Salad',150.0,210.0),
  (238,'Chicken Teriyaki',150.0,280.0),
  (239,'Beef Teriyaki',150.0,320.0),
  (240,'Pork Teriyaki',150.0,330.0),
  (241,'Yakitori',100.0,190.0),
  (242,'Katsu Curry',250.0,520.0),
  (243,'Chicken Katsu',150.0,370.0),
  (244,'Tonkatsu',150.0,420.0),
  (245,'Ebi Tempura',100.0,240.0),
  (246,'Sashimi',100.0,140.0),
  (247,'California Roll',150.0,250.0),
  (248,'Spicy Tuna Roll',150.0,290.0),
  (249,'Philadelphia Roll',150.0,320.0),
  (250,'Udon',250.0,270.0),
  (251,'Soba',250.0,220.0),
  (252,'Japanese Curry Rice',250.0,410.0),
  (253,'Gyudon',250.0,450.0),
  (254,'Katsudon',250.0,520.0);
INSERT INTO meals VALUES(255,'Oyako Don',250.0,430.0),
  (256,'Takoyaki',150.0,280.0),
  (257,'Okonomiyaki',200.0,330.0),
  (258,'Gyoza',150.0,280.0),
  (259,'Bibimbap',250.0,490.0),
  (260,'Kimchi Stew',200.0,170.0),
  (261,'Bulgogi',150.0,290.0),
  (262,'Galbi',150.0,340.0),
  (263,'Japchae',200.0,260.0),
  (264,'Tteokbokki',200.0,300.0),
  (265,'Korean Fried Chicken',150.0,420.0),
  (266,'Samgyeopsal',150.0,500.0),
  (267,'Kimchi',100.0,15.0),
  (268,'Seaweed Soup',200.0,60.0),
  (269,'Chicken Porridge',200.0,170.0),
  (270,'Beef Porridge',200.0,190.0),
  (271,'Shrimp Fried Rice',150.0,250.0),
  (272,'Seafood Fried Rice',150.0,260.0),
  (273,'Hainanese Chicken Rice',250.0,430.0),
  (274,'Laksa',250.0,380.0),
  (275,'Char Kway Teow',250.0,400.0),
  (276,'Satay Chicken',150.0,260.0),
  (277,'Satay Beef',150.0,310.0),
  (278,'Nasi Goreng',250.0,420.0),
  (279,'Mee Goreng',250.0,390.0),
  (280,'Pho',300.0,350.0),
  (281,'Banh Mi',180.0,410.0),
  (282,'Fresh Spring Rolls',150.0,180.0),
  (283,'Fried Wonton',100.0,290.0),
  (284,'Wonton Soup',200.0,120.0),
  (285,'Sweet and Sour Pork',200.0,350.0),
  (286,'Sweet and Sour Fish',200.0,300.0),
  (287,'Kung Pao Chicken',200.0,290.0),
  (288,'Orange Chicken',200.0,360.0),
  (289,'General Tso Chicken',200.0,380.0),
  (290,'Honey Garlic Chicken',200.0,330.0),
  (291,'Beef and Broccoli',200.0,280.0),
  (292,'Stir Fry Vegetables',150.0,120.0),
  (293,'Mapo Tofu',200.0,250.0),
  (294,'Fried Noodles',200.0,310.0),
  (295,'Chow Mein',200.0,290.0),
  (296,'Chop Suey Stir Fry',200.0,170.0),
  (297,'Egg Drop Soup',200.0,65.0),
  (298,'Hot and Sour Soup',200.0,80.0),
  (299,'Roast Duck',150.0,337.0),
  (300,'Peking Duck',150.0,380.0),
  (301,'Soy Chicken',150.0,260.0),
  (302,'Steamed Fish with Ginger',150.0,180.0),
  (303,'Shrimp Fried Noodles',200.0,320.0),
  (304,'Braised Beef',200.0,310.0),
  (305,'Braised Pork Belly',200.0,520.0),
  (306,'Congee',200.0,110.0),
  (307,'Century Egg Congee',200.0,150.0),
  (308,'Chicken Congee',200.0,160.0),
  (309,'Focaccia Bread',80.0,220.0),
  (310,'Garlic Bread',80.0,250.0),
  (311,'Baguette',80.0,216.0),
  (312,'Croissant',60.0,231.0),
  (313,'Pain au Chocolat',75.0,300.0),
  (314,'Muffin',100.0,377.0),
  (315,'Blueberry Muffin',100.0,375.0),
  (316,'Chocolate Muffin',100.0,410.0),
  (317,'Donut',70.0,280.0),
  (318,'Glazed Donut',70.0,290.0),
  (319,'Cake Slice',100.0,350.0),
  (320,'Chocolate Cake Slice',100.0,390.0),
  (321,'Cheesecake Slice',100.0,401.0),
  (322,'Red Velvet Cake Slice',100.0,370.0),
  (323,'Brownie',60.0,280.0),
  (324,'Cookie',30.0,150.0),
  (325,'Oatmeal Cookie',30.0,140.0),
  (326,'Chocolate Chip Cookie',30.0,155.0),
  (327,'Pretzel',50.0,190.0),
  (328,'Crackers',30.0,130.0),
  (329,'Popcorn',30.0,120.0),
  (330,'Salted Peanuts',30.0,170.0),
  (331,'Almonds',30.0,174.0),
  (332,'Cashews',30.0,165.0),
  (333,'Walnuts',30.0,196.0),
  (334,'Trail Mix',50.0,240.0),
  (335,'Raisins',40.0,120.0);
INSERT INTO meals VALUES(336,'Dried Mango',40.0,140.0),
  (337,'Dried Banana Chips',40.0,210.0),
  (338,'Potato Chips',30.0,160.0),
  (339,'Tortilla Chips',30.0,150.0),
  (340,'Cheese Sticks',28.0,80.0),
  (341,'String Cheese',28.0,85.0),
  (342,'Greek Yogurt',150.0,100.0),
  (343,'Flavored Yogurt',150.0,140.0),
  (344,'Cottage Cheese',100.0,98.0),
  (345,'Cream Cheese',30.0,100.0),
  (346,'Mozzarella Cheese',30.0,85.0),
  (347,'Parmesan Cheese',20.0,86.0),
  (348,'Swiss Cheese',30.0,111.0),
  (349,'Goat Cheese',30.0,109.0),
  (350,'Soy Milk',240.0,100.0),
  (351,'Chocolate Milk',240.0,190.0),
  (352,'Skim Milk',240.0,83.0),
  (353,'Whole Milk',240.0,149.0),
  (354,'Oat Milk',240.0,120.0),
  (355,'Almond Milk',240.0,40.0),
  (356,'Coconut Milk Drink',240.0,76.0),
  (357,'Latte',240.0,150.0),
  (358,'Cappuccino',240.0,120.0),
  (359,'Mocha',240.0,220.0),
  (360,'Milk Tea',350.0,280.0),
  (361,'Iced Coffee',350.0,140.0),
  (362,'Hot Chocolate',240.0,190.0),
  (363,'Orange Juice',240.0,110.0),
  (364,'Apple Juice',240.0,114.0),
  (365,'Grape Juice',240.0,152.0),
  (366,'Pineapple Juice',240.0,132.0),
  (367,'Mango Juice',240.0,128.0),
  (368,'Lemonade',240.0,99.0),
  (369,'Sports Drink',500.0,120.0),
  (370,'Coconut Water',240.0,45.0),
  (371,'Chocolate Protein Shake',330.0,210.0),
  (372,'Vanilla Protein Shake',330.0,200.0),
  (373,'Meal Replacement Shake',330.0,250.0),
  (374,'Chicken Breast Sandwich',180.0,350.0),
  (375,'Turkey Sandwich',180.0,320.0),
  (376,'Roast Beef Sandwich',180.0,360.0),
  (377,'Grilled Cheese Sandwich',150.0,400.0),
  (378,'Peanut Butter Sandwich',120.0,360.0),
  (379,'Peanut Butter and Jelly Sandwich',140.0,390.0),
  (380,'Egg Mayo Sandwich',150.0,330.0),
  (381,'Tuna Mayo Sandwich',150.0,340.0),
  (382,'Ham and Egg Sandwich',160.0,350.0),
  (383,'Breakfast Burrito',200.0,450.0),
  (384,'Egg and Bacon Wrap',180.0,410.0),
  (385,'Sausage McMuffin Style Sandwich',150.0,400.0),
  (386,'Breakfast Plate',300.0,520.0),
  (387,'Cornflakes with Milk',180.0,220.0),
  (388,'Granola with Yogurt',180.0,280.0),
  (389,'Overnight Oats',180.0,250.0),
  (390,'Chia Pudding',150.0,210.0),
  (391,'Peanut Butter Oatmeal',180.0,300.0),
  (392,'Banana Oatmeal',180.0,240.0),
  (393,'Chocolate Oatmeal',180.0,260.0),
  (394,'Rice Porridge',200.0,100.0),
  (395,'Toast with Butter',60.0,210.0),
  (396,'Toast with Jam',60.0,190.0),
  (397,'French Toast',120.0,280.0),
  (398,'Chicken and Waffles',250.0,580.0),
  (399,'Steak and Eggs',250.0,520.0),
  (400,'Ham and Cheese Omelet',150.0,290.0),
  (401,'Veggie Omelet',150.0,190.0),
  (402,'Chicken Sausage',100.0,180.0),
  (403,'Pork Sausage',100.0,300.0),
  (404,'Beef Sausage',100.0,320.0),
  (405,'Breakfast Ham',100.0,150.0),
  (406,'Turkey Bacon',50.0,135.0),
  (407,'Chicken Ham',100.0,120.0),
  (408,'Roasted Turkey',150.0,200.0),
  (409,'Roasted Duck Breast',150.0,280.0),
  (410,'Beef Burger Steak',150.0,340.0),
  (411,'Chicken Burger Steak',150.0,280.0);
INSERT INTO meals VALUES(412,'Mushroom Burger Steak',150.0,260.0),
  (413,'Salisbury Steak',180.0,360.0),
  (414,'Beef Meatballs',150.0,320.0),
  (415,'Chicken Meatballs',150.0,260.0),
  (416,'Pork Meatballs',150.0,300.0),
  (417,'Swedish Meatballs',180.0,370.0),
  (418,'Meatball Pasta',250.0,430.0),
  (419,'Chicken Parmesan',200.0,430.0),
  (420,'Eggplant Parmesan',200.0,280.0),
  (421,'Fish and Chips',250.0,520.0),
  (422,'Baked Salmon',150.0,280.0),
  (423,'Baked Tilapia',150.0,180.0),
  (424,'Baked Chicken Thigh',150.0,290.0),
  (425,'Baked Chicken Wings',150.0,320.0),
  (426,'Buffalo Wings',150.0,430.0),
  (427,'Honey Soy Wings',150.0,390.0),
  (428,'BBQ Wings',150.0,400.0),
  (429,'Buffalo Cauliflower',150.0,150.0),
  (430,'Roasted Vegetables',150.0,110.0),
  (431,'Grilled Zucchini',100.0,30.0),
  (432,'Sauteed Spinach',100.0,70.0),
  (433,'Sauteed Mushrooms',100.0,60.0),
  (434,'Creamed Corn',150.0,180.0),
  (435,'Buttered Corn',150.0,170.0),
  (436,'Green Beans',100.0,31.0),
  (437,'Sauteed Green Beans',100.0,90.0),
  (438,'Cabbage Stir Fry',150.0,85.0),
  (439,'Stir Fried Tofu',150.0,180.0),
  (440,'Tofu and Vegetables',180.0,200.0),
  (441,'Chicken and Broccoli',180.0,240.0),
  (442,'Chicken and Rice',200.0,330.0),
  (443,'Beef and Rice',200.0,390.0),
  (444,'Pork and Rice',200.0,410.0),
  (445,'Salmon and Rice',200.0,360.0),
  (446,'Tuna and Rice',200.0,290.0),
  (447,'Shrimp and Rice',200.0,300.0),
  (448,'Egg and Rice',180.0,280.0),
  (449,'Chicken and Potato',200.0,340.0),
  (450,'Beef and Potato',200.0,400.0),
  (451,'Pork and Potato',200.0,420.0),
  (452,'Salmon and Potato',200.0,350.0),
  (453,'Chicken Pasta Bake',220.0,390.0),
  (454,'Beef Pasta Bake',220.0,430.0),
  (455,'Tuna Pasta Bake',220.0,360.0),
  (456,'Vegetable Pasta Bake',220.0,280.0),
  (457,'Chicken Noodle Soup',250.0,150.0),
  (458,'Beef Noodle Soup',250.0,220.0),
  (459,'Seafood Soup',250.0,170.0),
  (460,'Tomato Soup',250.0,90.0),
  (461,'Cream of Mushroom Soup',250.0,160.0),
  (462,'Pumpkin Soup',250.0,120.0),
  (463,'Potato Soup',250.0,180.0),
  (464,'Broccoli Soup',250.0,140.0),
  (465,'Clam Chowder',250.0,200.0),
  (466,'Chicken Pot Pie',200.0,430.0),
  (467,'Shepherds Pie',220.0,350.0),
  (468,'Beef Stew',250.0,260.0),
  (469,'Chicken Stew',250.0,230.0),
  (470,'Pork Stew',250.0,300.0),
  (471,'Seafood Paella',250.0,360.0),
  (472,'Chicken Paella',250.0,390.0),
  (473,'Beef Paella',250.0,420.0),
  (474,'Jambalaya',250.0,380.0),
  (475,'Chicken Biryani',250.0,420.0),
  (476,'Beef Biryani',250.0,450.0),
  (477,'Vegetable Biryani',250.0,300.0),
  (478,'Butter Chicken',200.0,390.0),
  (479,'Chicken Tikka Masala',200.0,350.0),
  (480,'Beef Masala',200.0,370.0),
  (481,'Dal Curry',200.0,220.0),
  (482,'Chana Masala',200.0,240.0),
  (483,'Paneer Curry',200.0,310.0),
  (484,'Paneer Tikka',150.0,290.0),
  (485,'Naan Bread',100.0,260.0),
  (486,'Garlic Naan',100.0,300.0),
  (487,'Roti',60.0,120.0);
INSERT INTO meals VALUES(488,'Samosa',100.0,260.0),
  (489,'Falafel',100.0,333.0),
  (490,'Hummus',100.0,166.0),
  (491,'Pita Bread',60.0,165.0),
  (492,'Chicken Shawarma',180.0,420.0),
  (493,'Beef Shawarma',180.0,470.0),
  (494,'Gyro',180.0,480.0),
  (495,'Chicken Kebab',150.0,250.0),
  (496,'Beef Kebab',150.0,320.0),
  (497,'Lamb Kebab',150.0,360.0),
  (498,'Tabbouleh',150.0,120.0);
CREATE TABLE meal_logs (     log_id INTEGER PRIMARY KEY AUTOINCREMENT,     user_id INTEGER NOT NULL,     meal_id INTEGER NOT NULL,     meal_type TEXT CHECK(meal_type IN ('breakfast','lun
ch','dinner','snack')),     log_date DATE DEFAULT (DATE('now')),     grams_consumed REAL DEFAULT 0,     calories REAL,     FOREIGN KEY (meal_id) REFERENCES meals(meal_id) ON DELETE CASCA
DE );
INSERT INTO meal_logs VALUES(1,5,122,'breakfast','2026-03-27',100.0,241.18);
PRAGMA writable_schema=ON;
CREATE TABLE IF NOT EXISTS sqlite_sequence(name,seq);
DELETE FROM sqlite_sequence;
INSERT INTO sqlite_sequence VALUES('users',17),
  ('inventory',8),
  ('announcements',4),
  ('feedback',3),
  ('exercises',134),
  ('transactions',67),
  ('member_profiles',11),
  ('inventory_notifications',5),
  ('notification_history',21),
  ('membership_price',6),
  ('api_table',2),
  ('old_member_profiles',2),
  ('meals',498),
  ('meal_logs',11);
CREATE TRIGGER trg_member_profiles_archive_before_update
BEFORE UPDATE ON member_profiles
FOR EACH ROW
BEGIN
  INSERT INTO old_member_profiles (
    profile_id,
    user_id,
    age,
    height_cm,
    weight_kg,
    fitness_level,
    goal,
    contact,
    gender,
    created_at,
    updated_at,
    changed_by_user_id,
    change_source
  )
  VALUES (
    OLD.id,
    OLD.user_id,
    OLD.age,
    OLD.height_cm,
    OLD.weight_kg,
    OLD.fitness_level,
    OLD.goal,
    OLD.contact,
    OLD.gender,
    OLD.created_at,
    OLD.updated_at,
    NULL,
    'before_update'
  );
END;
CREATE UNIQUE INDEX idx_attendance_user_day
ON attendance(user_id, date(datetime));
CREATE INDEX idx_attendance_user_datetime
ON attendance(user_id, datetime);
CREATE INDEX idx_users_type_points
ON users(user_type, points);
CREATE INDEX idx_old_member_profiles_user_id_archived_at
ON old_member_profiles(user_id, archived_at DESC);
CREATE INDEX idx_old_member_profiles_profile_id
ON old_member_profiles(profile_id);
PRAGMA writable_schema=OFF;
COMMIT;